<?xml version="1.0" encoding="UTF-8" ?>
<!DOCTYPE mapper
        PUBLIC "-//mybatis.org//DTD Mapper 3.0//EN"
        "http://mybatis.org/dtd/mybatis-3-mapper.dtd">
<mapper namespace="jmu.mapper.PersonMapper">
<select id="login"  parameterType="jmu.vo.Person" resultType="jmu.vo.Person">
    SELECT * FROM person WHERE id=#{id} and password=#{password}
</select>

    <insert id="insert" parameterType="jmu.vo.Person">
        insert into person(id,name,password,flag) values(#{id},#{name},#{password},#{flag})
    </insert>

    <update id="update" parameterType="jmu.vo.Person">
        UPDATE person SET img=#{img} WHERE id=#{id}
    </update>
    <select id="selectone"  parameterType="String" resultType="jmu.vo.Person">
        SELECT * FROM person WHERE id=#{id}
    </select>
    <select id="getall"  resultType="jmu.vo.Person">
        SELECT * FROM person
    </select>
</mapper>